id,code,name,utv,utch,plg,plgp,plgo,sumrg,obz,obzsumrg,plgpsumrg,plgsumrg,level,isLeaf,loaded,expanded
1,0,Итого,27000467208.0,27000467208.0,27064452782.0,17977905571.5,21687782794.6,17129013074.819,18014273461.081,885260386.262001,95.27813463417712,63.28970776830614,0,True,True,False
2,1,Текущие затраты,0.0,0.0,20296606614.3,13805724923.7,16236017982.9,13166206335.368,13799173934.715,632967599.3470001,95.36772902642619,64.86900291052461,0,True,True,False
3,2,Капитальные затраты,0.0,0.0,2357596083.2,1371290292.5,2325669055.8,1214440150.649,1449768664.787,235328514.138,88.56185720056061,51.51179878957986,0,True,True,False
4,3,Бюджетные кредиты,0.0,0.0,617804497.0,228696178.0,452540330.0,222896833.0,222896833.0,0.0,97.46417056431962,36.07886217765747,0,True,True,False
5,4,Приобретение финансовых активов,0.0,0.0,82289471.6,78485814.6,82289471.6,50551771.413,50551771.413,0.0,64.40880007506479,61.43163934595006,0,True,True,False
6,5,Погашение займов,0.0,0.0,3016574530.0,2080115991.1,2080115991.1,2080115990.451,2080115990.451,0.0,99.99999996879983,68.95622732885039,0,True,True,False
7,6,Выполнение государственных обязательств по проектам государственно-частного партнерства,0.0,0.0,65102733.0,43468226.8,65102733.0,27114563.356,44078836.133,16964272.777000003,62.37789151316382,41.648886469942816,0,True,True,False
