id,code,name,utv,utch,plg,plgp,plgo,sumrg,obz,obzsumrg,plgpsumrg,plgsumrg,level,isLeaf,loaded,expanded
1,0,Итого,29938459793.0,29938459793.0,29939215116.0,7545140993.6,15758717164.2,6468512946.847,7892358658.069,1423845711.2220001,85.73084256919485,21.60548605494378,0,True,True,False
2,1,Текущие затраты,0.0,0.0,22655010543.4,5937937189.9,12570653851.5,5180793127.098,6386394770.739,1205601643.6410007,87.24903887346859,22.86820002653806,0,True,True,False
3,2,Капитальные затраты,0.0,0.0,1816286581.7,343235540.6,1649501657.5,207819606.116,406027187.259,198207581.143,60.54722822488505,11.442005254560978,0,True,True,False
4,3,Бюджетные кредиты,0.0,0.0,510480002.0,205480002.0,315380002.0,40000000.0,40000000.0,0.0,19.46661456621944,7.8357623889838495,0,True,True,False
5,4,Приобретение финансовых активов,0.0,0.0,47100140.9,1094219.0,6758219.0,76745.48,76745.48,0.0,7.013722115956678,0.16294108368580273,0,True,True,False
6,5,Погашение займов,0.0,0.0,4188066099.0,901590518.0,901590518.0,901590517.598,901590517.598,0.0,99.99999995541214,21.527609552611317,0,True,True,False
7,6,Выполнение государственных обязательств по проектам государственно-частного партнерства,0.0,0.0,61312081.0,29693128.0,40729614.0,20693127.0,40729613.438,20036486.438,69.68995317704487,33.75048874951741,0,True,True,False
