id,code,name,utv,utch,plg,plgp,plgo,sumrg,obz,obzsumrg,plgpsumrg,plgsumrg,level,isLeaf,loaded,expanded
1,0,Итого,27000467208.0,27000467208.0,27000467208.0,4499544123.9,12291289975.5,4429777596.345,5819119500.441,1389341904.0959997,98.4494756438897,16.406299795555004,0,True,True,False
2,1,Текущие затраты,0.0,0.0,20408851956.7,3484908636.6,9336077456.9,3431948868.654,4554930770.054,1122981901.4,98.4803111510645,16.815981986322992,0,True,True,False
3,2,Капитальные затраты,0.0,0.0,2207723912.3,171334380.2,1941680701.0,157904654.217,386209127.514,228304473.297,92.1616864243339,7.1523732354964356,0,True,True,False
4,3,Бюджетные кредиты,0.0,0.0,617804497.0,50000000.0,77534497.0,50000000.0,50000000.0,0.0,100.0,8.093175145664244,0,True,True,False
5,4,Приобретение финансовых активов,0.0,0.0,53729694.0,10026378.1,10027664.0,10026378.023,10026378.023,0.0,99.99999923202577,18.660776335335168,0,True,True,False
6,5,Погашение займов,0.0,0.0,3016574530.0,709302066.0,709302066.0,709302057.641,709302057.641,0.0,99.99999882151761,23.513493553265533,0,True,True,False
7,6,Выполнение государственных обязательств по проектам государственно-частного партнерства,0.0,0.0,61314805.0,1362.0,38056124.0,594.295,38056123.695,38055529.4,43.63399412628487,0.0009692520427978202,0,True,True,False
