id,code,name,utv,utch,plg,plgp,plgo,sumrg,obz,obzsumrg,plgpsumrg,plgsumrg,level,isLeaf,loaded,expanded
1,0,Итого,23548453455.0,25068832180.0,25068832180.0,25068832180.0,25068832180.0,24867054322.478,24888355349.435,21301026.957000732,99.19510467789968,99.19510467789968,0,True,True,False
2,1,Текущие затраты,0.0,0.0,18488622004.3,18488622004.3,18488622004.3,18437070256.88,18440316711.216,3246454.335998535,99.7211704181739,99.7211704181739,0,True,True,False
3,2,Капитальные затраты,0.0,0.0,2474284889.4,2474284889.4,2474284889.4,2426244104.644,2444246427.776,18002323.13199997,98.05839719743632,98.05839719743632,0,True,True,False
4,3,Бюджетные кредиты,0.0,0.0,661400027.0,661400027.0,661400027.0,661400027.0,661400027.0,0.0,100.0,100.0,0,True,True,False
5,4,Приобретение финансовых активов,0.0,0.0,244587300.0,244587300.0,244587300.0,244580452.558,244580452.558,0.0,99.99720040983323,99.99720040983323,0,True,True,False
6,5,Погашение займов,0.0,0.0,2551756176.0,2551756176.0,2551756176.0,2449629950.471,2449629950.471,0.0,95.99780627594727,95.99780627594727,0,True,True,False
7,6,Выполнение государственных обязательств по проектам государственно-частного партнерства,0.0,0.0,39117971.0,39117971.0,39117971.0,39065720.942,39117970.43,52249.48799999803,99.86642952928209,99.86642952928209,0,True,True,False
