id,code,name,utv,utch,plg,plgp,plgo,sumrg,obz,obzsumrg,plgpsumrg,plgsumrg,level,isLeaf,loaded,expanded
1,0,Итого,27000467208.0,27566611374.0,27566611374.0,27566611374.0,27566611374.0,27035641895.531,27055665706.278,20023810.747001648,98.0738674359889,98.0738674359889,0,True,True,False
2,1,Текущие затраты,0.0,0.0,20263259713.9,20263259713.9,20263259713.9,19937275015.27,19954835058.324,17560043.054000854,98.39125242812544,98.39125242812544,0,True,True,False
3,2,Капитальные затраты,0.0,0.0,2471396692.3,2471396692.3,2471396692.3,2425770763.878,2428094756.127,2323992.2490000725,98.15384035415461,98.15384035415461,0,True,True,False
4,3,Бюджетные кредиты,0.0,0.0,591804497.0,591804497.0,591804497.0,437824497.0,437824497.0,0.0,73.98127239982767,73.98127239982767,0,True,True,False
5,4,Приобретение финансовых активов,0.0,0.0,82558025.1,82558025.1,82558025.1,82240467.397,82240467.397,0.0,99.61535210827131,99.61535210827131,0,True,True,False
6,5,Погашение займов,0.0,0.0,3446574530.0,3446574530.0,3446574530.0,3441653286.654,3441653286.654,0.0,99.85721349406013,99.85721349406013,0,True,True,False
7,6,Выполнение государственных обязательств по проектам государственно-частного партнерства,0.0,0.0,83611381.0,83611381.0,83611381.0,83471330.689,83611106.133,139775.44400000572,99.83249850758953,99.83249850758953,0,True,True,False
