id,code,name,utv,utch,plg,plgp,plgo,sumrg,obz,obzsumrg,plgpsumrg,plgsumrg,level,isLeaf,loaded,expanded
1,0,Итого,23548453455.0,25068832180.0,25068832180.0,19832891931.1,22118136823.1,19726188491.657,20224226218.89,498037727.2329979,99.46198749121567,78.68810301979133,0,True,True,False
2,1,Текущие затраты,0.0,0.0,18486438842.9,14863345286.5,16288621741.6,14809275839.995,15130597133.84,321321293.8449993,99.6362228996045,80.10886231710728,0,True,True,False
3,2,Капитальные затраты,0.0,0.0,2509584586.1,1674789691.3,2417038520.4,1631172971.597,1797575087.555,166402115.95800018,97.39568974363915,64.99772833446954,0,True,True,False
4,3,Бюджетные кредиты,0.0,0.0,661400027.0,610493912.6,635136801.5,610493912.6,610493912.6,0.0,100.0,92.30327905626167,0,True,True,False
5,4,Приобретение финансовых активов,0.0,0.0,208212300.0,155443262.6,155809983.6,155135372.558,155135372.558,0.0,99.80192770220458,74.5082651495613,0,True,True,False
6,5,Погашение займов,0.0,0.0,2551756176.0,2067832296.8,2067832296.8,2067832296.289,2067832296.289,0.0,99.99999997528813,81.0356536309212,0,True,True,False
7,6,Выполнение государственных обязательств по проектам государственно-частного партнерства,0.0,0.0,39117971.0,12946404.5,23260720.8,12946402.752,23260720.182,10314317.43,99.9999864981818,33.09579311258245,0,True,True,False
