id,code,name,utv,utch,plg,plgp,plgo,sumrg,obz,obzsumrg,plgpsumrg,plgsumrg,level,isLeaf,loaded,expanded
1,0,Итого,27000467208.0,27000467208.0,27494452782.0,22962599347.5,25298897873.4,21680011519.896,22495450274.35,815438754.4539986,94.41444843332322,78.85231138002287,0,True,True,False
2,1,Текущие затраты,0.0,0.0,20265257194.3,16931460908.2,18389846917.9,15995565333.351,16567582589.071,572017255.7199993,94.47244641249036,78.930976202217,0,True,True,False
3,2,Капитальные затраты,0.0,0.0,2384968758.2,1777665880.9,2379210510.0,1479013960.283,1703473991.517,224460031.23399997,83.19977202544958,62.01397629205222,0,True,True,False
4,3,Бюджетные кредиты,0.0,0.0,617804497.0,263472276.0,474031276.0,250642897.0,250642897.0,0.0,95.13065313938381,40.56993728875366,0,True,True,False
5,4,Приобретение финансовых активов,0.0,0.0,82558604.6,78485815.6,82485815.6,60551771.413,60551771.413,0.0,77.14995499518005,73.34398601620747,0,True,True,False
6,5,Погашение займов,0.0,0.0,3446574530.0,3377389140.0,3377389140.0,3377327998.023,3377327998.023,0.0,99.99818966738904,97.99085929016599,0,True,True,False
7,6,Выполнение государственных обязательств по проектам государственно-частного партнерства,0.0,0.0,68908345.0,54759250.0,65102733.0,46141263.633,65102731.133,18961467.5,84.26204455502952,66.96034222415297,0,True,True,False
