id,code,name,utv,utch,plg,plgp,plgo,sumrg,obz,obzsumrg,plgpsumrg,plgsumrg,level,isLeaf,loaded,expanded
1,0,Итого,27000467208.0,27000467208.0,27494452782.0,25219209704.1,26384195167.1,24280992134.781,24772764172.946,491772038.1650009,96.27975031602013,88.31233095381778,0,True,True,False
2,1,Текущие затраты,0.0,0.0,20224986423.7,18445774903.9,19199584402.0,17827600883.916,18189981674.094,362380790.1780014,96.64869584929555,88.14641706273434,0,True,True,False
3,2,Капитальные затраты,0.0,0.0,2425239528.8,2236684578.2,2423770666.1,2041471986.192,2160498242.298,119026256.10599995,91.27223418488897,84.1760973276777,0,True,True,False
4,3,Бюджетные кредиты,0.0,0.0,617804497.0,393063497.0,602383497.0,298324497.0,298324497.0,0.0,75.89727850001803,48.28784808926375,0,True,True,False
5,4,Приобретение финансовых активов,0.0,0.0,82558604.6,82554947.6,82554947.6,82240467.397,82240467.397,0.0,99.61906558947415,99.61465288259002,0,True,True,False
6,5,Погашение займов,0.0,0.0,3446574530.0,3439171114.0,3439171114.0,3433645774.376,3433645774.376,0.0,99.83934095045439,99.62488100833265,0,True,True,False
7,6,Выполнение государственных обязательств по проектам государственно-частного партнерства,0.0,0.0,68908345.0,62926104.0,68908345.0,54737739.252,65102731.133,10364991.881000005,86.98733239864968,79.43557380749748,0,True,True,False
