id,code,name,utv,utch,plg,plgp,plgo,sumrg,obz,obzsumrg,plgpsumrg,plgsumrg,level,isLeaf,loaded,expanded
1,0,Итого,23548453455.0,23548453455.0,23548453455.0,1869713904.1,8457931153.5,1785738912.388,2381682126.705,595943214.3169999,95.50867159259738,7.583253464183811,0,True,True,False
2,1,Текущие затраты,0.0,0.0,18434857796.4,1448365005.6,6919077777.6,1392793053.346,1912461265.709,519668212.36300015,96.16312517637922,7.555214522012682,0,True,True,False
3,2,Капитальные затраты,0.0,0.0,1647587962.6,50751421.5,1059517258.9,24358055.379,100626392.341,76268336.96200001,47.99482390655797,1.4784069762540277,0,True,True,False
4,3,Бюджетные кредиты,0.0,0.0,279299322.0,70000000.0,89603965.0,70000000.0,70000000.0,0.0,100.0,25.062717481283396,0,True,True,False
5,4,Приобретение финансовых активов,0.0,0.0,138734638.0,71110.0,71110.0,68291.273,68291.273,0.0,96.03610322036282,0.049224385477547435,0,True,True,False
6,5,Погашение займов,0.0,0.0,2551756176.0,277173107.0,277173107.0,277173105.898,277173105.898,0.0,99.99999960241453,10.862052907126971,0,True,True,False
7,6,Выполнение государственных обязательств по проектам государственно-частного партнерства,0.0,0.0,20573350.0,0.0,6665.0,0.0,6664.992,6664.992,0.0,0.0,0,True,True,False
