id,code,name,utv,utch,plg,plgp,plgo,sumrg,obz,obzsumrg,plgpsumrg,plgsumrg,level,isLeaf,loaded,expanded
1,0,Итого,27000467208.0,27000467208.0,27064452782.0,15651497122.8,20374138275.0,15013878127.224,16083925945.804,1070047818.5799999,95.92614693295276,55.47453055178495,0,True,True,False
2,1,Текущие затраты,0.0,0.0,20304981055.9,12064636208.0,15289459513.0,11568233202.439,12354485167.529,786251965.0900002,95.88547058524783,56.97239101376865,0,True,True,False
3,2,Капитальные затраты,0.0,0.0,2353631232.6,1126124652.2,2291569138.4,1036739049.108,1301897380.321,265158331.21300006,92.06254805652499,44.04849131623475,0,True,True,False
4,3,Бюджетные кредиты,0.0,0.0,617804497.0,212389008.0,437207336.0,192149940.0,192149940.0,0.0,90.47075543570503,31.102062372977514,0,True,True,False
5,4,Приобретение финансовых активов,0.0,0.0,81615558.6,70319536.6,74123193.6,42699393.567,42699393.567,0.0,60.72194959117522,52.31771282271173,0,True,True,False
6,5,Погашение займов,0.0,0.0,3016574530.0,1825513467.1,1825513467.1,1825513465.155,1825513465.155,0.0,99.99999989345464,60.51610682912582,0,True,True,False
7,6,Выполнение государственных обязательств по проектам государственно-частного партнерства,0.0,0.0,61367055.0,25441314.8,44078837.0,25441313.856,44078836.133,18637522.277000003,99.99999628949993,41.4576092269704,0,True,True,False
