id,code,name,utv,utch,plg,plgp,plgo,sumrg,obz,obzsumrg,plgpsumrg,plgsumrg,level,isLeaf,loaded,expanded
1,0,Итого,29938459793.0,29938459793.0,29938459793.0,2359613424.8,10966430322.7,1824367768.727,2736887162.472,912519393.7450001,77.31638367338212,6.0937262014846905,0,True,True,False
2,1,Текущие затраты,0.0,0.0,22685450009.7,1729989070.5,8930668106.1,1378324010.767,2098613339.842,720289329.075,79.67241147764234,6.075806343615167,0,True,True,False
3,2,Капитальные затраты,0.0,0.0,1785300633.3,92686915.3,1392132276.6,11156949.1,165333613.77,154176664.67000002,12.03724286636174,0.6249339126361694,0,True,True,False
4,3,Бюджетные кредиты,0.0,0.0,510480002.0,70000000.0,70000000.0,0.0,0.0,0.0,0.0,0.0,0,True,True,False
5,4,Приобретение финансовых активов,0.0,0.0,46891300.0,1286000.0,1286000.0,76745.48,76745.48,0.0,5.967766718506998,0.1636667782723021,0,True,True,False
6,5,Погашение займов,0.0,0.0,4188066099.0,406518450.0,406518450.0,406518393.377,406518393.377,0.0,99.99998607123489,9.706589718678648,0,True,True,False
7,6,Выполнение государственных обязательств по проектам государственно-частного партнерства,0.0,0.0,61312081.0,20693128.0,38053400.0,0.0,38053400.0,38053400.0,0.0,0.0,0,True,True,False
