id,code,name,utv,utch,plg,plgp,plgo,sumrg,obz,obzsumrg,plgpsumrg,plgsumrg,level,isLeaf,loaded,expanded
1,0,Итого,23548453455.0,25068832180.0,25068832180.0,0.0,14373422882.8,7767401487.283,8852754677.956,1085353190.6729994,0.0,30.9842972800299,0,True,True,False
2,1,Текущие затраты,0.0,0.0,18510099398.2,0.0,10848833033.1,6022135312.801,6938171691.21,916036378.4090004,0.0,32.53432184911237,0,True,True,False
3,2,Капитальные затраты,0.0,0.0,2491369168.8,0.0,2059266563.6,617531370.828,786843184.348,169311813.5200001,0.0,24.786827201744728,0,True,True,False
4,3,Бюджетные кредиты,0.0,0.0,661400027.0,0.0,249464082.0,216441687.0,216441687.0,0.0,0.0,32.724777466632915,0,True,True,False
5,4,Приобретение финансовых активов,0.0,0.0,208212300.0,0.0,135068291.3,68291.273,68291.273,0.0,0.0,0.03279886586911532,0,True,True,False
6,5,Погашение займов,0.0,0.0,2551756176.0,0.0,772916897.3,772916896.499,772916896.499,0.0,0.0,30.289606184497774,0,True,True,False
7,6,Выполнение государственных обязательств по проектам государственно-частного партнерства,0.0,0.0,39117971.0,0.0,19915888.0,1666.248,6664.992,4998.744000000001,0.0,0.004259546079217656,0,True,True,False
