id,code,name,utv,utch,plg,plgp,plgo,sumrg,obz,obzsumrg,plgpsumrg,plgsumrg,level,isLeaf,loaded,expanded
1,0,Итого,29938459793.0,29938459793.0,29938459793.0,5067240450.4,13617367537.0,4506529548.29,5793683334.75,1287153786.46,88.93459058044625,15.052643253690976,0,True,True,False
2,1,Текущие затраты,0.0,0.0,22679459747.5,3861956630.5,10798650365.1,3444195503.976,4545282679.241,1101087175.2650003,89.18265618974822,15.186408945899426,0,True,True,False
3,2,Капитальные затраты,0.0,0.0,1791290895.5,177818521.1,1563957884.4,96555864.597,265262202.792,168706338.195,54.30022924479266,5.3902950570207935,0,True,True,False
4,3,Бюджетные кредиты,0.0,0.0,510480002.0,70000000.0,140000000.0,20000000.0,20000000.0,0.0,28.57142857142857,3.9178811944919247,0,True,True,False
5,4,Приобретение финансовых активов,0.0,0.0,46891300.0,77000.0,77000.0,76745.48,76745.48,0.0,99.66945454545454,0.1636667782723021,0,True,True,False
6,5,Погашение займов,0.0,0.0,4188066099.0,847725225.0,847725225.0,847725223.148,847725223.148,0.0,99.99999978153299,20.2414480361333,0,True,True,False
7,6,Выполнение государственных обязательств по проектам государственно-частного партнерства,0.0,0.0,61312081.0,29693128.0,38053400.0,20693127.0,38053400.0,17360273.0,69.68995317704487,33.75048874951741,0,True,True,False
