id,code,name,utv,utch,plg,plgp,plgo,sumrg,obz,obzsumrg,plgpsumrg,plgsumrg,level,isLeaf,loaded,expanded
1,0,Итого,27000467208.0,27000467208.0,27064452782.0,6414787638.9,13922906509.3,6230836511.975,7743992165.352,1513155653.3769999,97.13238945262196,23.022215014518967,0,True,True,False
2,1,Текущие затраты,0.0,0.0,20459066721.3,5081627754.6,10470654185.0,4930515803.302,6125677810.76,1195162007.4580002,97.02630813205059,24.09941699915776,0,True,True,False
3,2,Капитальные затраты,0.0,0.0,2221442471.7,193518615.1,2041383082.5,165127932.663,442088019.512,276960086.84900004,85.32922405303013,7.433365246529783,0,True,True,False
4,3,Бюджетные кредиты,0.0,0.0,617804497.0,110000000.0,222534497.0,110000000.0,110000000.0,0.0,100.0,17.804985320461338,0,True,True,False
5,4,Приобретение финансовых активов,0.0,0.0,53729694.0,10026378.1,10027664.0,10026378.023,10026378.023,0.0,99.99999923202577,18.660776335335168,0,True,True,False
6,5,Погашение займов,0.0,0.0,3016574530.0,899032751.1,899032751.1,899032750.733,899032750.733,0.0,99.99999995917835,29.803100894477154,0,True,True,False
7,6,Выполнение государственных обязательств по проектам государственно-частного партнерства,0.0,0.0,61367055.0,2043.0,40732338.0,1188.59,40732337.133,40731148.543,58.17865883504649,0.001936853577216635,0,True,True,False
