id,code,name,utv,utch,plg,plgp,plgo,sumrg,obz,obzsumrg,plgpsumrg,plgsumrg,level,isLeaf,loaded,expanded
1,0,Итого,27000467208.0,27000467208.0,27064452782.0,8555348278.0,15851324583.5,8203797238.605,9698912352.588,1495115113.9829998,95.89086232410887,30.31207504798018,0,True,True,False
2,1,Текущие затраты,0.0,0.0,20405727289.5,6791083061.6,11918360916.2,6480891825.219,7613543053.861,1132651228.6420002,95.43237457755495,31.76016092577017,0,True,True,False
3,2,Капитальные затраты,0.0,0.0,2253150721.0,258813020.5,2155992549.2,222811367.115,566247610.646,343436243.531,86.08970548875457,9.888879826739297,0,True,True,False
4,3,Бюджетные кредиты,0.0,0.0,617804497.0,140000000.0,255039497.0,140000000.0,140000000.0,0.0,100.0,22.66089040785988,0,True,True,False
5,4,Приобретение финансовых активов,0.0,0.0,81349836.6,30026378.1,30027664.0,30026378.023,30026378.023,0.0,99.9999997435588,36.91018848709034,0,True,True,False
6,5,Погашение займов,0.0,0.0,3016574530.0,1150362199.1,1150362199.1,1150362198.294,1150362198.294,0.0,99.99999992993511,38.13471826582053,0,True,True,False
7,6,Выполнение государственных обязательств по проектам государственно-частного партнерства,0.0,0.0,61367055.0,21705637.0,58020556.0,21704695.323,40732337.133,19027641.810000002,99.99566160163832,35.36864417397902,0,True,True,False
