id,code,name,utv,utch,plg,plgp,plgo,sumrg,obz,obzsumrg,plgpsumrg,plgsumrg,level,isLeaf,loaded,expanded
1,0,Итого,27000467208.0,27000467208.0,27064452782.0,13086348179.8,19051820559.8,12513982788.156,13802373193.487,1288390405.3309994,95.62624053876621,46.23770851365149,0,True,True,False
2,1,Текущие затраты,0.0,0.0,20331821429.0,10160153159.6,14090870451.7,9661481829.534,10599685106.095,938203276.5609989,95.09189160603528,47.519017729289544,0,True,True,False
3,2,Капитальные затраты,0.0,0.0,2326790859.5,612429681.6,2269268979.2,539330756.293,870491184.064,331160427.771,88.06411127624875,23.17916774045158,0,True,True,False
4,3,Бюджетные кредиты,0.0,0.0,617804497.0,176666288.0,426262585.0,176666288.0,176666288.0,0.0,100.0,28.595824222367227,0,True,True,False
5,4,Приобретение финансовых активов,0.0,0.0,81615558.6,35092672.0,44203051.0,35092671.761,35092671.761,0.0,99.99999931894614,42.99752689678951,0,True,True,False
6,5,Погашение займов,0.0,0.0,3016574530.0,1822599270.1,1822599270.1,1822599267.397,1822599267.397,0.0,99.99999985169534,60.41950063793053,0,True,True,False
7,6,Выполнение государственных обязательств по проектам государственно-частного партнерства,0.0,0.0,61367055.0,21705637.0,40732338.0,21705636.133,40732337.133,19026701.0,99.99999600564591,35.370177260420924,0,True,True,False
