id,code,name,utv,utch,plg,plgp,plgo,sumrg,obz,obzsumrg,plgpsumrg,plgsumrg,level,isLeaf,loaded,expanded
1,0,Итого,23548453455.0,23548453455.0,23557046292.0,0.0,11760808909.4,5542617729.758,6597412414.189,1054794684.4309998,0.0,23.52849190452319,0,True,True,False
2,1,Текущие затраты,0.0,0.0,18412161843.8,0.0,9509812472.9,4456222086.355,5378052645.804,921830559.4490004,0.0,24.202601107677975,0,True,True,False
3,2,Капитальные затраты,0.0,0.0,1678863929.2,0.0,1497217817.6,467997230.126,600955800.949,132958570.82300001,0.0,27.87582852822424,0,True,True,False
4,3,Бюджетные кредиты,0.0,0.0,279299322.0,0.0,220901202.0,202390000.0,202390000.0,0.0,0.0,72.46347701481352,0,True,True,False
5,4,Приобретение финансовых активов,0.0,0.0,138734638.0,0.0,68291.3,68291.273,68291.273,0.0,0.0,0.049224385477547435,0,True,True,False
6,5,Погашение займов,0.0,0.0,2551756176.0,0.0,327264439.1,327264438.257,327264438.257,0.0,0.0,12.825066961139003,0,True,True,False
7,6,Выполнение государственных обязательств по проектам государственно-частного партнерства,0.0,0.0,20586173.0,0.0,6665.0,1110.832,6664.992,5554.16,0.0,0.005396010224921359,0,True,True,False
