id,code,name,utv,utch,plg,plgp,plgo,sumrg,obz,obzsumrg,plgpsumrg,plgsumrg,level,isLeaf,loaded,expanded
1,0,Итого,23548453455.0,25068832180.0,25068832180.0,0.0,18953614587.0,14400895427.992,15318457173.347,917561745.3549995,0.0,57.44541797795066,0,True,True,False
2,1,Текущие затраты,0.0,0.0,18496264128.7,0.0,13880005689.8,10801139999.448,11467417078.321,666277078.8729992,0.0,58.396333034022,0,True,True,False
3,2,Капитальные затраты,0.0,0.0,2505112614.6,0.0,2406233379.6,1167592718.065,1404263605.218,236670887.15299988,0.0,46.60839242356511,0,True,True,False
4,3,Бюджетные кредиты,0.0,0.0,661400027.0,0.0,506444530.0,427306419.1,427306419.1,0.0,0.0,64.60635041673501,0,True,True,False
5,4,Приобретение финансовых активов,0.0,0.0,208212300.0,0.0,155553278.6,155135372.558,155135372.558,0.0,0.0,74.5082651495613,0,True,True,False
6,5,Погашение займов,0.0,0.0,2551756176.0,0.0,1562644331.5,1562644330.662,1562644330.662,0.0,0.0,61.23799543855791,0,True,True,False
7,6,Выполнение государственных обязательств по проектам государственно-частного партнерства,0.0,0.0,39117971.0,0.0,23262387.0,8648607.101,23262386.43,14613779.329,0.0,22.10903807101856,0,True,True,False
