id,code,name,utv,utch,plg,plgp,plgo,sumrg,obz,obzsumrg,plgpsumrg,plgsumrg,level,isLeaf,loaded,expanded
1,0,Итого,23548453455.0,25068832180.0,25068832180.0,18100964039.2,21303570601.4,18030718637.727,18755623613.035,724904975.3079987,99.61192452887661,71.92484479636818,0,True,True,False
2,1,Текущие затраты,0.0,0.0,18479384378.4,13450454486.6,15539820558.1,13410388089.258,13910096440.828,499708351.5699997,99.70211863560509,72.56945261084023,0,True,True,False
3,2,Капитальные затраты,0.0,0.0,2521970204.6,1504908429.2,2477803666.2,1477201324.086,1692081408.729,214880084.64300013,98.15888431638801,58.57330595705008,0,True,True,False
4,3,Бюджетные кредиты,0.0,0.0,661400027.0,540603827.1,562178349.0,540603827.1,540603827.1,0.0,100.0,81.73628742534055,0,True,True,False
5,4,Приобретение финансовых активов,0.0,0.0,208212300.0,155681631.6,155681631.6,155135372.558,155135372.558,0.0,99.6491178590654,74.5082651495613,0,True,True,False
6,5,Погашение займов,0.0,0.0,2551756176.0,2052899189.8,2052899189.8,2052899162.597,2052899162.597,0.0,99.99999867489839,80.45044357705906,0,True,True,False
7,6,Выполнение государственных обязательств по проектам государственно-частного партнерства,0.0,0.0,39117971.0,12945853.7,23262387.0,12945847.336,23262386.43,10316539.094,99.99995084140338,33.09437326388937,0,True,True,False
