id,code,name,utv,utch,plg,plgp,plgo,sumrg,obz,obzsumrg,plgpsumrg,plgsumrg,level,isLeaf,loaded,expanded
1,0,Итого,23548453455.0,25068832180.0,25068832180.0,0.0,16081031388.7,10086939988.14,11158150378.258,1071210390.118,0.0,40.23697600156817,0,True,True,False
2,1,Текущие затраты,0.0,0.0,18512725876.8,0.0,11873337627.6,7600214901.155,8450517888.617,850302987.4619999,0.0,41.05400226705419,0,True,True,False
3,2,Капитальные затраты,0.0,0.0,2488634921.5,0.0,2266321227.9,838467716.866,1046433478.861,207965761.9949999,0.0,33.69187298716446,0,True,True,False
4,3,Бюджетные кредиты,0.0,0.0,661400027.0,0.0,413624082.0,397265048.0,397265048.0,0.0,0.0,60.06426244067873,0,True,True,False
5,4,Приобретение финансовых активов,0.0,0.0,208212300.0,0.0,135068291.3,35068291.273,35068291.273,0.0,0.0,16.842564667409178,0,True,True,False
6,5,Погашение займов,0.0,0.0,2551756176.0,0.0,1035125766.3,1035125764.957,1035125764.957,0.0,0.0,40.56523012240179,0,True,True,False
7,6,Выполнение государственных обязательств по проектам государственно-частного партнерства,0.0,0.0,39117971.0,0.0,19915888.0,6974246.769,19915887.43,12941640.660999998,0.0,17.828753871206665,0,True,True,False
